4×3 Mean %MAE Reduction,4×3 SD,6×4 Mean %MAE Reduction,6×4 SD,Mean Difference (6×4 − 4×3),95% CI (Bootstrap),Welch t-stat,Welch t-test p,Mann–Whitney U stat,Mann–Whitney U p,Effect size (Hedges’ g),N (4×3),N (6×4)
23.703290115931242,27.29202389688179,20.552907009140515,27.822524547463132,-3.150383106790727,"[-13.08, 6.75]",-0.6146683164705867,0.5401397493286979,1629.0,0.5977411364727812,-0.11336616502058966,48,72
