,sss,sst,sla,wind_mag,curr_mag,E_minus_P,runoff
sss,1.0,0.46959228292185823,0.07109112961380767,-0.36329721863815884,-0.2983883615560188,0.069026124482577,
sst,0.46959228292185823,1.0,0.3944597534006381,-0.5305421038654383,-0.2872174073754815,0.024708083027143703,
sla,0.07109112961380767,0.3944597534006381,1.0,-0.14783239704783538,-0.1268937758295015,-0.0546742970666164,
wind_mag,-0.36329721863815884,-0.5305421038654383,-0.14783239704783538,1.0,0.5673616951095424,-0.6709294850141811,
curr_mag,-0.2983883615560188,-0.2872174073754815,-0.1268937758295015,0.5673616951095424,1.0,-0.1814498560510224,
E_minus_P,0.069026124482577,0.024708083027143703,-0.0546742970666164,-0.6709294850141811,-0.1814498560510224,1.0,
runoff,,,,,,,
