Region,Winner,Mean_R2,Mean_RMSE,Mean_MAE
high,SVR,0.8905166666666666,1.49425,1.1664
low,RandomForest,0.013816666666666672,0.061783333333333336,0.04841666666666666
med,RandomForest,-0.060633333333333324,0.14551666666666666,0.11543333333333333
