Model,Mean_R2,Mean_RMSE,Mean_MAE
Baseline_Linear,-2.3115525203613028,0.253422709653594,0.1982301497341915
RandomForest,-0.060633333333333324,0.14551666666666666,0.11543333333333333
