model,R2,RMSE,MAE
XGBoost,0.32420000000000004,0.12585,0.1071
ElasticNet,-0.012433333333333336,0.12753333333333333,0.1043
RandomForest,-0.1824,0.19,0.1478
