Model,Mean_R2,Mean_RMSE,Mean_MAE
Baseline_Linear,0.8273102233188133,1.7523254127848773,1.4136869336697984
XGBoost,0.89305,1.452875,1.211025
