feature,importance,importance_std
EPR,0.2312760897503646,0.013765406150610074
EPR_lag1,0.12778055192885926,0.009202962512502712
month_sin,0.0488957855779184,0.004751009796545934
EPR_lag2,0.0340909663628504,0.0038824367371621707
high_sla,0.03170806138299688,0.004261458731996911
wind_mag,0.0158299472091743,0.0021243897403364002
high_sst_lag2,0.012724624978534738,0.0014216604431296295
high_sst_lag1,0.005665519979854694,0.0009534916958898503
high_sla_lag1,0.004266630054528852,0.0006466539341390703
wind_mag_lag2,0.0037582483376955578,0.0005128126656431401
EPR_lag3,0.003157826912537842,0.0006806904434444226
high_sst_lag3,0.0028175690155211376,0.0003544418078949224
high_sla_lag2,0.0018161571656109376,0.0003307300950135474
curr_mag_lag2,0.0017985584758948125,0.0002289834846199044
wind_mag_lag1,0.0017132011080716492,0.0002644091655879525
month_cos,0.0016057593580119656,0.0003438539779539422
curr_mag,0.001436911622080167,0.0001948600466321039
high_sla_lag3,0.001413296261246849,0.00024920187375016565
high_sst,0.001123240723171065,0.00021124904694076654
wind_mag_lag3,0.0011219242657067308,0.00020056331981059146
curr_mag_lag3,0.001002808466184818,8.486522215984641e-05
curr_mag_lag1,0.0008092263018174617,0.0001310238192722028
