Model,Mean_R2,Mean_RMSE,Mean_MAE
Baseline_Linear,-1.7686043192694225,0.09950664729579832,0.08291272698714518
RandomForest,0.013816666666666672,0.061783333333333336,0.04841666666666666
