Model,Mean_R2,Mean_RMSE,Mean_MAE
Baseline_Linear,0.8293859680736259,1.780592930599308,1.4106801551202652
SVR,0.8905166666666666,1.49425,1.1664
