,sss,sst,sla,wind_mag,curr_mag,E_minus_P,runoff
sss,1.0,0.34364750223968304,0.03068169826542185,0.03244000692692387,0.09415652601898765,0.07458655664896134,
sst,0.34364750223968304,1.0,0.15258069618454198,-0.06991386057207034,0.1426548223504073,0.19067287816909742,
sla,0.03068169826542185,0.15258069618454198,1.0,-0.04839768947997428,0.13032855484894726,0.32764653698903595,
wind_mag,0.03244000692692387,-0.06991386057207034,-0.04839768947997428,1.0,0.40930750654062653,0.0718517540430819,
curr_mag,0.09415652601898765,0.1426548223504073,0.13032855484894726,0.40930750654062653,1.0,0.013724027050533072,
E_minus_P,0.07458655664896134,0.19067287816909742,0.32764653698903595,0.0718517540430819,0.013724027050533072,1.0,
runoff,,,,,,,
