Model,Mean_R2,Mean_RMSE,Mean_MAE
Baseline_Linear,-4.036446135064345,0.3067695857466166,0.2501142510143361
RandomForest,0.143425,0.133975,0.1065
