model,R2,RMSE,MAE
XGBoost,0.16475,0.1396,0.1178
RandomForest,0.16360000000000002,0.12515,0.09775
