Model,Mean_R2,Mean_RMSE,Mean_MAE
Baseline_Linear,-0.5502076970696257,0.08243694795428716,0.06410804886629345
RandomForest,0.15475,0.061425,0.047125
