feature,importance,importance_std
low_sst_lag1,0.115560512384946,0.017189443511759717
low_sst,0.10993443484700142,0.012289558028371905
wind_mag,0.056430766079936,0.005938494658983289
EPR_lag3,0.052663515102288685,0.005568082380252973
low_sst_lag2,0.05135718596900442,0.007272442903718215
curr_mag,0.048676595437123056,0.004771568901471289
wind_mag_lag3,0.04716008474428336,0.0052242102154445805
low_sst_lag3,0.042028891822194415,0.004111364435318457
curr_mag_lag2,0.04172479952875229,0.004920865916450068
low_sla_lag2,0.04097616041096755,0.0036746031487643314
low_sla_lag3,0.04011461816919494,0.00394149538413407
EPR,0.037258337603991935,0.0036676856486449407
wind_mag_lag1,0.03531041529392359,0.003049750444487798
low_sla,0.03314297027333794,0.002201059532849073
EPR_lag2,0.03303941122599894,0.0036982282796544697
wind_mag_lag2,0.03088978127349539,0.0029553310521138027
low_sla_lag1,0.030877854907114623,0.0024260667111084414
month_sin,0.030622540245563164,0.004090762614739121
EPR_lag1,0.02936676585172392,0.00260338793304573
curr_mag_lag1,0.023806895122149462,0.0027636603955670776
curr_mag_lag3,0.021259774974088968,0.0016536861353688176
month_cos,0.01737765278133156,0.0026167287071965977
