,sss,sst,sla,wind_mag,curr_mag,E_minus_P,runoff
sss,1.0,0.2634985740023087,-0.5585109593553843,0.5586020756389742,-0.20891910629238786,0.8661923131409137,-0.8592211522220223
sst,0.2634985740023087,1.0,-0.16032965401789223,-0.33743805825621115,-0.3245619121347247,0.317419725464951,-0.3603614422186381
sla,-0.5585109593553843,-0.16032965401789223,1.0,-0.09041435879681844,0.2212724238479365,-0.43720762109356054,0.5284039894093462
wind_mag,0.5586020756389742,-0.33743805825621115,-0.09041435879681844,1.0,0.08853659658250587,0.5234452272258248,-0.46931032914617077
curr_mag,-0.20891910629238786,-0.3245619121347247,0.2212724238479365,0.08853659658250587,1.0,-0.15465415891256346,0.20431071845318835
E_minus_P,0.8661923131409137,0.317419725464951,-0.43720762109356054,0.5234452272258248,-0.15465415891256346,1.0,-0.9371249258274499
runoff,-0.8592211522220223,-0.3603614422186381,0.5284039894093462,-0.46931032914617077,0.20431071845318835,-0.9371249258274499,1.0
